Factor;Description;Domains
Dissatisfaction;"Stressful events, either work-related or personal, typically precede insider attacks. Examples of such events include employee dismissal, disputes with employers, perceived injustices, transfers or demotions, salary reductions, family problems. Dissatisfaction resulting from stressful events triggers concerning behaviors in individuals predisposed to malicious acts.";Employee Satisfaction
Personality predispositions;"Personality predispositions include serious mental health disorders, personality issues (e.g. self-esteem deficits, patterns of biased perceptions of self and others), addictions, social skills and decision-making deficits, history of legal, security or procedural rule violations. Specific personality traits, such as openness, extraversion, agreeableness, conscientiousness, risk perception and tolerance, which have been identified as related to specific Security Behaviours, have also been included in this umbrella term.";Security Agent Persona
Enterprise role;"The position an insider holds within an organization (e.g. technical, managerial) along with the special skills, knowledge, privileges (e.g. domain or system administrator, advanced user), and access granted may seriously differentiate both the possibility as well as the type of insider threat posed against the enterprise he/she works for.";Employee Profiling
Concerning behavior;"Concerning behaviors, including personnel and security violations, precede the vast majority of insider cases prior to their attacks. Examples of such behaviors include tardiness, truancy, arguments with co-workers, poor job performance, security violations.";Security Behaviour
Employee profile;"Employee profile, built based on a number of human attributes such as age, gender, tenure, level of seniority, have been examined in many cases of insider incidents and credited with a contributing role to the overall insider threat predisposition. Since these attributes are only parameters in a multidimensional issue, it is only fair to group them and examine them in combination. In other words, simply being a male senior engineer does not make you more prone to cyber-attacking your employer compared to a woman holding the same position.";Employee Profiling
Access Controls;"Physical access controls (restrictions on gaining access to organizational facilities) and/or remote access controls (restrictions to computing and network enterprise resources) enforce organizational defense against the insider threat. However, lack of those controls or possible deficiencies in their enforcement encourage insider incidents allowing their prolong occurrence.";"Personnel Security
Access Management"
Sense of entitlement;This factor is being met only in cases of intellectual property theft and refers to the degree to which insiders felt entitled to information they stole. Information in these cases refers to work results produced by the insiders during their occupation in the victimized enterprise regardless of having or not signed relevant agreements or contracts.;Security Agent Persona
Policy violation;Policy violations may be behavioral or technical in nature. This indicator is used to evaluate employees' compliance with the security policies and procedures in place.;Policies and Procedures Compliance
Auditing;"Auditing is used to describe and assess the ability and means an organization utilizes to detect, evaluate and react against policy violations, technical or not, in order to prevent actual insider attack cases via positive or negative framing techniques.";"Information Security Policy and Compliance
Audit Logs Management
Incident Response and Management"
Policies and roles awareness;Enterprise policies and procedures awareness along with roles and responsibilities knowledge differentiate deliberate to unintentional security violations.;"Policies and Procedures Awareness
Roles and Responsibilities Awareness"
Situation awareness;"Unintentional insider incidents often result from information technology and security unfamiliarity and unawareness. Simple examples of this category include trusting a phishing email, visiting an unreliable website, downloading an executable file which contains more than it supposed to.";"Security Skills Evaluation
Training Completion and Scoring"
